{
	"point0": {"x":157, "y": 379},
	"point1": {"x":84, "y": 366},
	"point2": {"x":101, "y": 270},
	"point3": {"x":101, "y": 111},
	"point4": {"x":163, "y": 213},
	"point5": {"x":230, "y": 339},
	"point6": {"x":286, "y": 397},
	"point7": {"x":234, "y": 239},
	"point8": {"x":312, "y": 77},
	"point9": {"x":312, "y": 285},
	"point10": {"x":390, "y": 378},
	"point11": {"x":481, "y": 339},
	"point12": {"x":401, "y": 266},
	"point13": {"x":481, "y": 206},
	"point14": {"x":434, "y": 94},
	"point15": {"x":520, "y": 77},
	"point16": {"x":565, "y": 206},
	"point17": {"x":582, "y": 370},
	"point18": {"x":669, "y": 404},
	"point19": {"x":669, "y": 270},
	"point20": {"x":732, "y": 198},
	"point21": {"x":651, "y": 97},
	"point22": {"x":729, "y": 65},
	"point23": {"x":799, "y": 260},
	"point24": {"x":740, "y": 389},
	"point25": {"x":835, "y": 371},
	"point26": {"x":873, "y": 191},
	"point27": {"x":807, "y": 97},
	"point28": {"x":882, "y": 88},
	"point29": {"x":932, "y": 266},
	"point30": {"x":909, "y": 357},
	"point31": {"x":997, "y": 377},
	"point32": {"x":995, "y": 197},
	"point33": {"x":966, "y": 111},
	"point34": {"x":1025, "y": 76},
	"point35": {"x":1064, "y": 206},
	"point36": {"x":1064, "y": 356},
	"point37": {"x":1150, "y": 249},
	"point38": {"x":1117, "y": 111},
	"point39": {"x":1181, "y": 76},
	"point40": {"x":1196, "y": 186},
	"point41": {"x":1214, "y": 266},
	"point42": {"x":1159, "y": 370},
	"point43": {"x":1258, "y": 370},
	"point44": {"x":1284, "y": 278},
	"point45": {"x":1310, "y": 206},
	"point46": {"x":1272, "y": 94},
	"point47": {"x":1372, "y": 88},
	"point48": {"x":1353, "y": 276},
	"point49": {"x":1353, "y": 377},
	"bike11": {
        "driver_head": {
            "x": 20.1,
            "y": -56.55,
            "r": 47.00189208984375,
            "g": "driver_head1"
        },
        "driver_forearm": {
            "x": 19,
            "y": -31.5,
            "r": 25.82525634765625,
            "g": "driver_forearm1"
        },
        "driver_arm": {
            "x": 7.9,
            "y": -40.7,
            "r": 59.82405090332031,
            "g": "driver_arm1"
        },
        "driver_shin": {
            "x": -34.45,
            "y": -48.55,
            "r": 117.83747863769531,
            "g": "driver_shin1"
        },
        "driver_hip": {
            "x": -17.8,
            "y": -47.95,
            "r": 144.83595275878906,
            "g": "driver_hip1"
        },
        "driver_corpse": {
            "x": -1.15,
            "y": -46.8,
            "r": 100.73109436035156,
            "g": "driver_corpse1"
        },
        "suspend_front": {
            "x": 40.35,
            "y": 26.75,
            "r": 78.82647705078125,
            "g": "suspend_front1"
        },
        "base": {
            "x": 0.5,
            "y": -1.2,
            "r": 15.826858520507812,
            "g": "bike_1_base"
        },
        "suspend_back": {
            "x": -8.5,
            "y": 8.7,
            "r": -174.4778289794922,
            "g": "suspend_back1"
        },
        "Wheel0": {
            "x": -37.8,
            "y": 5.6,
            "r": 15.826858520507812,
            "g": "Wheel_1_0"
        },
        "Wheel1": {
            "x": 38.15,
            "y": 27.15,
            "r": 15.826858520507812,
            "g": "Wheel_1_0"
        }
    },
   "bike1": [
        {
            "x": -35,
            "y": 17,
            "r": 0,
            "g": "Wheel_1_0"
        },
        {
            "x": 44,
            "y": 17,
            "r": 0,
            "g": "Wheel_1_0"
        },
        {
            "x": -6,
            "y": 12,
            "r": 169.69569396972656,
            "g": "suspend_back1"
        },
        {
            "x": 0,
            "y": 0,
            "r": 0,
            "g": "bike_1_base"
        },
        {
            "x": 46,
            "y": 16,
            "r": 63.00018310546875,
            "g": "suspend_front1"
        },
        {
            "x": -8.35,
            "y": -33.75,
            "r": 15.732131958007812,
            "g": "driver_corpse1"
        },
        {
            "x": -1.8,
            "y": -59.5,
            "r": 14.998931884765625,
            "g": "driver_head1"
        },
        {
            "x": 8.8,
            "y": -33.35,
            "r": 11.00091552734375,
            "g": "driver_forearm1"
        },
        {
            "x": -4.25,
            "y": -39.4,
            "r": 44.99913024902344,
            "g": "driver_arm1"
        },
        {
            "x": -1.8,
            "y": -2.7,
            "r": 3.0003509521484375,
            "g": "driver_shin1"
        },
        {
            "x": -7.4,
            "y": -18.5,
            "r": 29.9998779296875,
            "g": "driver_hip1"
        }
    ],
   "bike2": [
        {
            "x": 0,
            "y": 0,
            "r": 0,
            "g": "bike_2_base"
        },
         {
            "x": -8.35,
            "y": -33.75,
            "r": 15.732131958007812,
            "g": "driver_corpse2"
        },
        {
            "x": -1.8,
            "y": -59.5,
            "r": 14.998931884765625,
            "g": "driver_head2"
        },
        {
            "x": 8.8,
            "y": -33.35,
            "r": 11.00091552734375,
            "g": "driver_forearm2"
        },
        {
            "x": -4.25,
            "y": -39.4,
            "r": 44.99913024902344,
            "g": "driver_arm2"
        },
        {
            "x": -1.8,
            "y": -2.7,
            "r": 3.0003509521484375,
            "g": "driver_shin2"
        },
        {
            "x": -7.4,
            "y": -18.5,
            "r": 29.9998779296875,
            "g": "driver_hip2"
        },
         {
            "x": -35,
            "y": 17,
            "r": 0,
            "g": "Wheel_2_0"
        },
        {
            "x": 44,
            "y": 17,
            "r": 0,
            "g": "Wheel_2_0"
        }
    ],
    "bike3": [
        {
            "x": -34,
            "y": 17,
            "r": 0,
            "g": "Wheel_3_0"
        },
        {
            "x": 46,
            "y": 16,
            "r": 0,
            "g": "Wheel_3_0"
        },
        {
            "x": 0,
            "y": 0,
            "r": 0,
            "g": "bike_3_base"
        },
        {
            "x": 46,
            "y": 16,
            "r": 63.00018310546875,
            "g": "suspend_front3"
        },
        {
            "x": -6,
            "y": 12,
            "r": 169.69569396972656,
            "g": "suspend_back3"
        },
        {
            "x": -8.35,
            "y": -33.75,
            "r": 15.732131958007812,
            "g": "driver_corpse3"
        },
        {
            "x": -1.8,
            "y": -59.5,
            "r": 14.998931884765625,
            "g": "driver_head3"
        },
        {
            "x": 8.8,
            "y": -33.35,
            "r": 11.00091552734375,
            "g": "driver_forearm3"
        },
        {
            "x": -4.25,
            "y": -39.4,
            "r": 44.99913024902344,
            "g": "driver_arm3"
        },
        {
            "x": -1.8,
            "y": -2.7,
            "r": 3.0003509521484375,
            "g": "driver_shin3"
        },
        {
            "x": -7.4,
            "y": -18.5,
            "r": 29.9998779296875,
            "g": "driver_hip3"
        }
    ],
    "bike4": [
        {
            "x": -34,
            "y": 17,
            "r": 0,
            "g": "Wheel_4_0"
        },
        {
            "x": 47,
            "y": 17,
            "r": 0,
            "g": "Wheel_4_0"
        },
        {
            "x": 0,
            "y": 0,
            "r": 0,
            "g": "bike_4_base"
        },
        {
            "x": 46,
            "y": 16,
            "r": 63.00018310546875,
            "g": "suspend_front4"
        },
        {
            "x": -6,
            "y": 12,
            "r": 169.69569396972656,
            "g": "suspend_back4"
        },
        {
            "x": -8.35,
            "y": -33.75,
            "r": 15.732131958007812,
            "g": "driver_corpse4"
        },
        {
            "x": -1.8,
            "y": -59.5,
            "r": 14.998931884765625,
            "g": "driver_head4"
        },
        {
            "x": 8.8,
            "y": -33.35,
            "r": 11.00091552734375,
            "g": "driver_forearm4"
        },
       {
            "x": -4.25,
            "y": -39.4,
            "r": 44.99913024902344,
            "g": "driver_arm4"
        },
        {
            "x": -1.8,
            "y": -2.7,
            "r": 3.0003509521484375,
            "g": "driver_shin4"
        },
        {
            "x": -7.4,
            "y": -18.5,
            "r": 29.9998779296875,
            "g": "driver_hip4"
        }
    ],
    "bike5": [
        {
            "x": -34,
            "y": 17,
            "r": 0,
            "g": "Wheel_5_0"
        },
        {
            "x": 47,
            "y": 17,
            "r": 0,
            "g": "Wheel_5_0"
        },
        {
            "x": 0,
            "y": 0,
            "r": 0,
            "g": "bike_5_base"
        },
        {
            "x": 46,
            "y": 16,
            "r": 63.00018310546875,
            "g": "suspend_front5"
        },
        {
            "x": -6,
            "y": 12,
            "r": 169.69569396972656,
            "g": "suspend_back5"
        },
        {
            "x": -8.35,
            "y": -33.75,
            "r": 15.732131958007812,
            "g": "driver_corpse5"
        },
        {
            "x": -1.8,
            "y": -59.5,
            "r": 14.998931884765625,
            "g": "driver_head5"
        },
        {
            "x": 8.8,
            "y": -33.35,
            "r": 11.00091552734375,
            "g": "driver_forearm5"
        },
        {
            "x": -4.25,
            "y": -39.4,
            "r": 44.99913024902344,
            "g": "driver_arm5"
        },
        {
            "x": -1.8,
            "y": -2.7,
            "r": 3.0003509521484375,
            "g": "driver_shin5"
        },
        {
            "x": -7.4,
            "y": -18.5,
            "r": 29.9998779296875,
            "g": "driver_hip5"
        }
    ],    
    "bike6": [
        {
            "x": -34,
            "y": 17,
            "r": 0,
            "g": "Wheel_6_0"
        },
        {
            "x": 47,
            "y": 17,
            "r": 0,
            "g": "Wheel_6_0"
        },
		{
            "x": 46,
            "y": 16,
            "r": 63.00018310546875,
            "g": "suspend_front6"
        },
        {
            "x": -6,
            "y": 12,
            "r": 169.69569396972656,
            "g": "suspend_back6"
        },
        {
            "x": 0,
            "y": 0,
            "r": 0,
            "g": "bike_6_base"
        },        
        {
            "x": -7.4,
            "y": -18.5,
            "r": 29.9998779296875,
            "g": "driver_hip6"
        },
        {
            "x": -8.35,
            "y": -33.75,
            "r": 15.732131958007812,
            "g": "driver_corpse6"
        },
        {
            "x": -1.8,
            "y": -59.5,
            "r": 14.998931884765625,
            "g": "driver_head6"
        },
        {
            "x": 8.8,
            "y": -33.35,
            "r": 11.00091552734375,
            "g": "driver_forearm6"
        },
        {
            "x": -4.25,
            "y": -39.4,
            "r": 44.99913024902344,
            "g": "driver_arm6"
        },
        {
            "x": -1.8,
            "y": -2.7,
            "r": 3.0003509521484375,
            "g": "driver_shin6"
        }
    ],    
    "bike7": [
        {
            "x": -34,
            "y": 17,
            "r": 0,
            "g": "Wheel_7_0"
        },
        {
            "x": 47,
            "y": 17,
            "r": 0,
            "g": "Wheel_7_0"
        },
        {
            "x": 0,
            "y": 0,
            "r": 0,
            "g": "bike_7_base"
        },
        {
            "x": 46,
            "y": 16,
            "r": 63.00018310546875,
            "g": "suspend_front7"
        },
        {
            "x": -6,
            "y": 12,
            "r": 169.69569396972656,
            "g": "suspend_back7"
        },
        {
            "x": -8.35,
            "y": -33.75,
            "r": 15.732131958007812,
            "g": "driver_corpse7"
        },
        {
            "x": -1.8,
            "y": -59.5,
            "r": 14.998931884765625,
            "g": "driver_head7"
        },
        {
            "x": 8.8,
            "y": -33.35,
            "r": 11.00091552734375,
            "g": "driver_forearm7"
        },
        {
            "x": -4.25,
            "y": -39.4,
            "r": 44.99913024902344,
            "g": "driver_arm7"
        },
        {
            "x": -1.8,
            "y": -2.7,
            "r": 3.0003509521484375,
            "g": "driver_shin7"
        },
        {
            "x": -7.4,
            "y": -18.5,
            "r": 29.9998779296875,
            "g": "driver_hip7"
        }
    ],    
    "bike8": [
        {
            "x": -34,
            "y": 17,
            "r": 0,
            "g": "Wheel_8_0"
        },
        {
            "x": 47,
            "y": 17,
            "r": 0,
            "g": "Wheel_8_0"
        },
        {
            "x": 46,
            "y": 16,
            "r": 63.00018310546875,
            "g": "suspend_front8"
        },
        {
            "x": -6,
            "y": 12,
            "r": 169.69569396972656,
            "g": "suspend_back8"
        },
        {
            "x": 0,
            "y": 0,
            "r": 0,
            "g": "bike_8_base"
        },
        {
            "x": -8.35,
            "y": -33.75,
            "r": 15.732131958007812,
            "g": "driver_corpse8"
        },
        {
            "x": -1.8,
            "y": -59.5,
            "r": 14.998931884765625,
            "g": "driver_head8"
        },
        {
            "x": 8.8,
            "y": -33.35,
            "r": 11.00091552734375,
            "g": "driver_forearm8"
        },
        {
            "x": -4.25,
            "y": -39.4,
            "r": 44.99913024902344,
            "g": "driver_arm8"
        },
        {
            "x": -1.8,
            "y": -2.7,
            "r": 3.0003509521484375,
            "g": "driver_shin8"
        },
        {
            "x": -7.4,
            "y": -18.5,
            "r": 29.9998779296875,
            "g": "driver_hip8"
        }
    ],
    "Plank0": {
        "shape": "rect",
        "h": 17.3,
        "w": 71.1
    },
    "PlankBone": {
        "shape": "rect",
        "h": 12,
        "w": 85
    },
    "PlankCandy": {
        "shape": "rect",
        "h": 18,
        "w": 85
    },
    "Tnt1": {
        "h": 52.8,
        "shape": "rect",
        "w": 52.8
    },
    "EggE": {
        "h": 44,
        "shape": "circ",
        "w": 44
    },
    "BarrelE": {
        "h": 52.1,
        "shape": "circ",
        "w": 52.1
    },
    "SpikesE": {
        "h": 29.5,
        "shape": "rect",
        "w": 116.8
    },
    "Removed0": {
        "h": 70.1,
        "shape": "rect",
        "w": 10.2
    },
    "Removed1": {
        "h": 47.7,
        "shape": "rect",
        "w": 10.2
    },
    "Glass0": {
        "w": 64,
        "shape": "rect",
        "h": 16
    },
    "Glass1": {
        "w": 128,
        "shape": "rect",
        "h": 16
    },
    "GlassCrashed0": {
        "w": 128,
        "shape": "rect",
        "h": 16,
        "pts": [
            {
                "x": -47,
                "y": -6
            },
            {
                "x": -35,
                "y": 2
            },
            {
                "x": 13,
                "y": 2
            },
            {
                "x": 48,
                "y": 2
            },
            {
                "x": 47,
                "y": -4
            },
            {
                "x": 4,
                "y": -4
            }
        ]
    },
    "GlassCrashed1": {
        "w": 64,
        "shape": "rect",
        "h": 16,
        "pts": [
            {
                "x": -23,
                "y": -6
            },
            {
                "x": -17,
                "y": 2
            },
            {
                "x": 7,
                "y": 2
            },
            {
                "x": 25,
                "y": 2
            },
            {
                "x": 24,
                "y": -4
            },
            {
                "x": 3,
                "y": -4
            }
        ]
    }
}